percent,n_components,Mean Score in test,Std Score in test,Mean Training Time,Std Training Time,Mean Best Score in CV,Std Best Score in CV
100,4912,0.9826954397394136,0.0029572147895631016,0.19194191694259644,0.024311385090602856,0.9822197068019587,0.0007793569989081921
