,percent,n_components,Score in test,Training Time,Best Parameters,Best Score in CV
0,100,768,0.78125,0.018448352813720703,"{'kernel_svm__C': 1.0, 'kernel_svm__gamma': 0.015625}",0.7638080959520239
1,100,768,0.8020833333333334,0.018857240676879883,"{'kernel_svm__C': 10.0, 'kernel_svm__gamma': 0.0013810679320049757}",0.7655622188905546
2,100,768,0.7552083333333334,0.018452882766723633,"{'kernel_svm__C': 1.0, 'kernel_svm__gamma': 0.015625}",0.7846776611694153
3,100,768,0.7291666666666666,0.02440643310546875,"{'kernel_svm__C': 10000.0, 'kernel_svm__gamma': 0.0001220703125}",0.8020539730134933
