,percent,n_components,Score in test,Training Time,Best Parameters,Best Score in CV
0,100,768,0.7447916666666666,0.04914689064025879,"{'kernel_ridge_classification__alpha': 0.0001, 'kernel_ridge_classification__gamma': 0.0008501470344688711}",0.7795052473763119
1,100,768,0.7708333333333334,0.028690814971923828,"{'kernel_ridge_classification__alpha': 0.025118864315095794, 'kernel_ridge_classification__gamma': 0.005920767837931241}",0.7708695652173913
2,100,768,0.75,0.019229412078857422,"{'kernel_ridge_classification__alpha': 6.30957344480193, 'kernel_ridge_classification__gamma': 0.0412346222116529}",0.774407796101949
3,100,768,0.765625,0.0288240909576416,"{'kernel_ridge_classification__alpha': 0.025118864315095794, 'kernel_ridge_classification__gamma': 0.005920767837931241}",0.7656971514242878
