,percent,n_components,Score in test,Training Time,Best Parameters,Best Score in CV
0,100,4912,0.9780130293159609,0.16029906272888184,"{'kernel_svm__C': 10.0, 'kernel_svm__gamma': 0.0004166666666666667}",0.9828988702731403
1,100,4912,0.9828990228013029,0.21846508979797363,"{'kernel_svm__C': 100.0, 'kernel_svm__gamma': 0.0004166666666666667}",0.9809996460385818
2,100,4912,0.9837133550488599,0.17652511596679688,"{'kernel_svm__C': 10.0, 'kernel_svm__gamma': 0.0004166666666666667}",0.9828985015633295
3,100,4912,0.9861563517915309,0.2124783992767334,"{'kernel_svm__C': 100.0, 'kernel_svm__gamma': 0.0004166666666666667}",0.9820818093327828
