,percent,n_components,Score in test,Training Time,Best Parameters,Best Score in CV
0,100,4912,0.9820846905537459,0.20541143417358398,"{'kernel_svm__C': 10.0, 'kernel_svm__gamma': 0.0004166666666666667}",0.9842568285056927
1,100,4912,0.9845276872964169,0.20755863189697266,"{'kernel_svm__C': 10000.0, 'kernel_svm__gamma': 3.2552083333333335e-06}",0.9815423868798302
2,100,4912,0.9853420195439739,0.31505608558654785,"{'kernel_svm__C': 100.0, 'kernel_svm__gamma': 0.0004166666666666667}",0.9831709781133856
3,100,4912,0.9796416938110749,0.29451966285705566,"{'kernel_svm__C': 100.0, 'kernel_svm__gamma': 0.0004166666666666667}",0.9826278685623266
