percent,n_components,Mean Score in test,Std Score in test,Mean Training Time,Std Training Time,Mean Best Score in CV,Std Best Score in CV
100,4177,0.5770357470189293,0.027955360840776978,1.1055082082748413,0.04929202114047791,0.5764748850423151,0.007893637990577372
