percent,n_components,Mean Score in test,Std Score in test,Mean Training Time,Std Training Time,Mean Best Score in CV,Std Best Score in CV
100,768,0.7578125,0.010737254233379347,0.03147280216217041,0.010920498249108826,0.7726199400299849,0.005039660222950907
