training-time,prediction-time,score-in-test
0.44574904441833496,0.017223834991455078,0.8138528138528138
0.3746910095214844,0.017225980758666992,0.8138528138528138
0.5012400150299072,0.017546892166137695,0.8138528138528138
0.5820720195770264,0.017822265625,0.8138528138528138
0.40309572219848633,0.017381906509399414,0.8138528138528138
0.41609787940979004,0.017982959747314453,0.8138528138528138
0.3858451843261719,0.01762700080871582,0.8138528138528138
