mean-refit-time-mean,mean-refit-time-std,training-time-mean,training-time-std,prediction-time-mean,prediction-time-std,score-in-test-mean,score-in-test-std
0.0037076870600382486,0.0037076870600382486,0.0036431153615315757,0.00022138760960032248,0.002410133679707845,3.046457606236625e-05,0.8008658008658008,0.0
