,percent,n_components,Score in test,Training Time,Best Parameters,Best Score in CV
0,100,4177,0.6169536277378878,1.190300703048706,"{'regressor__kernel_ridge__alpha': 0.025118864315095794, 'regressor__kernel_ridge__gamma': 0.0412346222116529}",0.5655487555036686
1,100,4177,0.5713032515954943,1.0843470096588135,"{'regressor__kernel_ridge__alpha': 0.025118864315095794, 'regressor__kernel_ridge__gamma': 0.0412346222116529}",0.5758444215772934
2,100,4177,0.5385492490740986,1.0683643817901611,"{'regressor__kernel_ridge__alpha': 0.025118864315095794, 'regressor__kernel_ridge__gamma': 0.0412346222116529}",0.5878515237587212
3,100,4177,0.5813368596682369,1.0790207386016846,"{'regressor__kernel_ridge__alpha': 0.025118864315095794, 'regressor__kernel_ridge__gamma': 0.0412346222116529}",0.5766548393295775
