percent,n_components,Mean Score in test,Std Score in test,Mean Training Time,Std Training Time,Mean Best Score in CV,Std Best Score in CV
100,4177,0.557348616979015,0.014486673524237695,0.18861770629882812,0.05079571608356934,0.5605238483971546,0.003269770406099212
