percent,n_components,Mean Score in test,Std Score in test,Mean Training Time,Std Training Time,Mean Best Score in CV,Std Best Score in CV,cv_mean_test_score,cv_std_test_score
100,4177,0.5800387576326327,0.026024938722092165,0.428394615650177,0.011334944333900542,0.5747814849383976,0.009917487939097865,0.5747814849383976,0.024770280432069868
