percent,n_components,Mean Score in test,Std Score in test,Mean Training Time,Std Training Time,Mean Best Score in CV,Std Best Score in CV
100,4177,0.5623573195658936,0.019359194319223148,0.7813099026679993,0.15539566556262271,0.56318236329338,0.003719127066453734
