percent,n_components,Mean Score in test,Std Score in test,Mean Training Time,Std Training Time,Mean Best Score in CV,Std Best Score in CV
100,100,0.43317368162090253,0.12530343921039513,0.0012325048446655273,0.00012645588605493817,0.44676414203697223,0.03774507060764845
