Mean Score in test,Std Score in test,Mean Best Score in CV,Std Best Score in CV,Mean Training Time,Std Training Time
0.5782400071770426,0.019648543100465134,0.5725532277349503,0.0034780967147665046,0.2700071334838867,0.04892002202592207
