,percent,n_components,Score in test,Training Time,Best Parameters,Best Score in CV,cv_mean_test_score,cv_std_test_score
0,100,336,0.7836433229303896,0.3002030849456787,"{'regressor__kernel_ridge__alpha': 0.025118864315095794, 'regressor__kernel_ridge__gamma': 0.0029603839189656206}",0.8099888916741695,0.8099888916741695,0.035442151616337625
