percent,n_components,Mean Score in test,Std Score in test,Mean Training Time,Std Training Time,Mean Best Score in CV,Std Best Score in CV
100,768,0.7669270833333334,0.027405683827928653,0.020041227340698242,0.002525714430277793,0.7790254872563718,0.015613190092105574
