percent,n_components,Mean Score in test,Std Score in test,Mean Training Time,Std Training Time,Mean Best Score in CV,Std Best Score in CV
100,768,0.7630208333333334,0.010737254233379312,0.005377292633056641,0.0016658143609442945,0.7751386806596703,0.010017597757676161
