,percent,n_components,Score in test,Training Time,Best Parameters,Best Score in CV,cv_mean_test_score,cv_std_test_score,cv_mean_fit_time,cv_std_fit_time
0,100,6414,0.8438826634030673,0.9676778316497803,"{'kernel_svm__C': 1000.0, 'kernel_svm__gamma': 7.939532520325204e-06}",0.8428435937125716,0.8428435937125716,0.008216639795499135,0.6726207733154297,0.0313682773734954
