,Best Parameters,Best Score in CV,Training Time,Score in test
0,"{'regressor__kernel_ridge__alpha': 0.01, 'regressor__kernel_ridge__gamma': 0.020833333333333332}",0.9710221402907164,1.388589859008789,0.9717457585558467
1,"{'regressor__kernel_ridge__alpha': 0.01, 'regressor__kernel_ridge__gamma': 0.020833333333333332}",0.9689889164141938,1.335974931716919,0.9747411569263988
2,"{'regressor__kernel_ridge__alpha': 0.01, 'regressor__kernel_ridge__gamma': 0.020833333333333332}",0.9707477364393069,1.182987928390503,0.9719146267332451
3,"{'regressor__kernel_ridge__alpha': 0.01, 'regressor__kernel_ridge__gamma': 0.020833333333333332}",0.97149575342088,1.2169439792633057,0.9696383934426739
