,percent,n_components,Score in test,Training Time,Best Parameters,Best Score in CV
0,100,100,-0.7803160562252494,0.0020990371704101562,"{'regressor__kernel_svm__C': 1000.0, 'regressor__kernel_svm__gamma': 0.0009207119546699839}",0.8341507670287367
1,100,100,0.9017361088502807,0.002012014389038086,"{'regressor__kernel_svm__C': 1000.0, 'regressor__kernel_svm__gamma': 0.0009207119546699839}",0.6614182718202668
2,100,100,0.5394494498916524,0.0013158321380615234,"{'regressor__kernel_svm__C': 1000.0, 'regressor__kernel_svm__gamma': 8.138020833333333e-05}",0.8481121076718228
3,100,100,0.9459697713341397,0.0011789798736572266,"{'regressor__kernel_svm__C': 1000.0, 'regressor__kernel_svm__gamma': 8.138020833333333e-05}",0.7526444684520173
