,percent,n_components,Score in test,Training Time,Best Parameters,Best Score in CV
0,100,100,0.8646924955325077,0.005856037139892578,"{'regressor__kernel_ridge__alpha': 0.025118864315095794, 'regressor__kernel_ridge__gamma': 0.0039471785586208275}",0.8047466488853153
1,100,100,0.9015311348777275,0.006685972213745117,"{'regressor__kernel_ridge__alpha': 0.025118864315095794, 'regressor__kernel_ridge__gamma': 0.0039471785586208275}",0.543593036313468
2,100,100,0.06486107872680869,0.0389409065246582,"{'regressor__kernel_ridge__alpha': 0.001584893192461114, 'regressor__kernel_ridge__gamma': 0.000566764689645914}",0.8364948513063858
3,100,100,0.8922073023835124,0.004587888717651367,"{'regressor__kernel_ridge__alpha': 0.025118864315095794, 'regressor__kernel_ridge__gamma': 0.027489748141101934}",0.5942864265679096
