percent,n_components,Mean Score in test,Std Score in test,Mean Training Time,Std Training Time,Mean Best Score in CV,Std Best Score in CV
100,4912,0.9828990228013029,0.0022301407064542604,0.25563645362854004,0.04969060812577341,0.9828995155153089,0.000978721193231262
