,percent,n_components,Score in test,Training Time,Best Parameters,Best Score in CV
0,100,4177,0.5907097457360397,0.8743398189544678,"{'regressor__kernel_svm__C': 100.0, 'regressor__kernel_svm__gamma': 0.015625}",0.5589806637511
1,100,4177,0.5523951627137715,0.7843201160430908,"{'regressor__kernel_svm__C': 100.0, 'regressor__kernel_svm__gamma': 0.015625}",0.5601422379133647
2,100,4177,0.5385521202752113,0.9373924732208252,"{'regressor__kernel_svm__C': 100.0, 'regressor__kernel_svm__gamma': 0.015625}",0.5678542203471009
3,100,4177,0.567772249538552,0.5291872024536133,"{'regressor__kernel_svm__C': 1.0, 'regressor__kernel_svm__gamma': 0.1767766952966369}",0.5657523311619543
