,percent,n_components,Score in test,Training Time,Best Parameters,Best Score in CV,cv_mean_test_score,cv_std_test_score
0,100,4177,0.5635549097623234,0.43072009086608887,"{'regressor__kernel_ridge__alpha': 0.025118864315095794, 'regressor__kernel_ridge__gamma': 0.0412346222116529}",0.5838573251448992,0.5838573251448992,0.03535989378325236
1,100,4177,0.5630107930104339,0.4323129653930664,"{'regressor__kernel_ridge__alpha': 0.025118864315095794, 'regressor__kernel_ridge__gamma': 0.0412346222116529}",0.5795391326513402,0.5795391326513402,0.029844788000880768
2,100,4177,0.6249549207482917,0.440662145614624,"{'regressor__kernel_ridge__alpha': 0.025118864315095794, 'regressor__kernel_ridge__gamma': 0.0412346222116529}",0.5580479826831514,0.5580479826831514,0.007801807143589258
3,100,4177,0.5686344070094818,0.4098832607269287,"{'regressor__kernel_ridge__alpha': 0.025118864315095794, 'regressor__kernel_ridge__gamma': 0.0412346222116529}",0.5776814992741997,0.5776814992741997,0.026074632800557083
