,percent,n_components,Score in test,Training Time,Best Parameters,Best Score in CV
0,100,4177,0.554057541028584,0.5809741020202637,"{'regressor__kernel_ridge__alpha': 0.025118864315095794, 'regressor__kernel_ridge__gamma': 0.0412346222116529}",0.5841297341001374
1,100,4177,0.5889070153267211,0.4003880023956299,"{'regressor__kernel_ridge__alpha': 0.025118864315095794, 'regressor__kernel_ridge__gamma': 0.0412346222116529}",0.5710150460428653
2,100,4177,0.5897744461229124,0.4295191764831543,"{'regressor__kernel_ridge__alpha': 0.025118864315095794, 'regressor__kernel_ridge__gamma': 0.0412346222116529}",0.5691876579724865
3,100,4177,0.5659544213009257,0.40006399154663086,"{'regressor__kernel_ridge__alpha': 0.001584893192461114, 'regressor__kernel_ridge__gamma': 0.005920767837931241}",0.57640822098493
