,percent,n_components,Score in test,Training Time,Best Parameters,Best Score in CV,cv_mean_test_score,cv_std_test_score
0,100,4177,0.5635549097623402,0.8965198993682861,"{'regressor__kernel_ridge__alpha': 0.025118864315095794, 'regressor__kernel_ridge__gamma': 0.0412346222116529}",0.5838573251449294,0.5838573251449294,0.03535989378322995
1,100,4177,0.5630107930104744,0.8530371189117432,"{'regressor__kernel_ridge__alpha': 0.025118864315095794, 'regressor__kernel_ridge__gamma': 0.0412346222116529}",0.579539132651347,0.579539132651347,0.02984478800088033
2,100,4177,0.6249549207483507,0.8536512851715088,"{'regressor__kernel_ridge__alpha': 0.025118864315095794, 'regressor__kernel_ridge__gamma': 0.0412346222116529}",0.5580479826831619,0.5580479826831619,0.0078018071435732314
3,100,4177,0.5686344070094144,0.9346833229064941,"{'regressor__kernel_ridge__alpha': 0.025118864315095794, 'regressor__kernel_ridge__gamma': 0.0412346222116529}",0.5776814992741862,0.5776814992741862,0.026074632800546473
