,percent,n_components,Score in test,Training Time,Best Parameters,Best Score in CV
0,100,4177,0.5622335749299179,0.15926313400268555,"{'regressor__kernel_svm__C': 1.0, 'regressor__kernel_svm__gamma': 0.1767766952966369}",0.5587483890926515
1,100,4177,0.5491191588024216,0.15312695503234863,"{'regressor__kernel_svm__C': 1.0, 'regressor__kernel_svm__gamma': 0.1767766952966369}",0.5660673916465324
2,100,4177,0.5397559351915241,0.16582679748535156,"{'regressor__kernel_svm__C': 10.0, 'regressor__kernel_svm__gamma': 0.015625}",0.5595840622764144
3,100,4177,0.5782857989921966,0.27625393867492676,"{'regressor__kernel_svm__C': 100.0, 'regressor__kernel_svm__gamma': 0.015625}",0.5576955505730201
