,percent,n_components,Score in test,Training Time,Best Parameters,Best Score in CV
0,100,100,0.441785807829174,0.0011699199676513672,"{'regressor__kernel_svm__C': 100.0, 'regressor__kernel_svm__gamma': 0.0001220703125}",0.4660222303593997
1,100,100,0.630091123247043,0.0011031627655029297,"{'regressor__kernel_svm__C': 1.0, 'regressor__kernel_svm__gamma': 0.015625}",0.38556937157206006
2,100,100,0.36803839644006675,0.0014400482177734375,"{'regressor__kernel_svm__C': 100.0, 'regressor__kernel_svm__gamma': 0.0001220703125}",0.4489742200215391
3,100,100,0.2927793989673261,0.001216888427734375,"{'regressor__kernel_svm__C': 100.0, 'regressor__kernel_svm__gamma': 0.0001220703125}",0.4864907461948901
