,percent,n_components,Score in test,Training Time,Best Parameters,Best Score in CV,cv_mean_test_score,cv_std_test_score,cv_mean_fit_time,cv_std_fit_time
0,100,4177,0.5635549097623234,0.43068909645080566,"{'regressor__kernel_ridge__alpha': 0.025118864315095794, 'regressor__kernel_ridge__gamma': 0.0412346222116529}",0.5838573251448992,0.5838573251448992,0.03535989378325236,0.37137541770935056,0.0519537936826794
1,100,4177,0.5630107930104339,0.4186389446258545,"{'regressor__kernel_ridge__alpha': 0.025118864315095794, 'regressor__kernel_ridge__gamma': 0.0412346222116529}",0.5795391326513402,0.5795391326513402,0.029844788000880768,0.3270413398742676,0.014448846011316335
2,100,4177,0.6249549207482917,0.4291651248931885,"{'regressor__kernel_ridge__alpha': 0.025118864315095794, 'regressor__kernel_ridge__gamma': 0.0412346222116529}",0.5580479826831514,0.5580479826831514,0.007801807143589258,0.30992822647094725,0.04238355076654781
3,100,4177,0.5686344070094818,0.41601991653442383,"{'regressor__kernel_ridge__alpha': 0.025118864315095794, 'regressor__kernel_ridge__gamma': 0.0412346222116529}",0.5776814992741997,0.5776814992741997,0.026074632800557083,0.30434155464172363,0.0222132766440188
