,percent,n_components,Score in test,Training Time,Best Parameters,Best Score in CV
0,100,100,0.3701314087437194,0.006360769271850586,"{'regressor__kernel_ridge__alpha': 0.3981071705534969, 'regressor__kernel_ridge__gamma': 0.005920767837931241}",0.5310705864563792
1,100,100,0.5910050485427569,0.0032358169555664062,"{'regressor__kernel_ridge__alpha': 0.3981071705534969, 'regressor__kernel_ridge__gamma': 0.005920767837931241}",0.4392052660119757
2,100,100,0.6234573043312095,0.0012009143829345703,"{'regressor__kernel_ridge__alpha': 0.001584893192461114, 'regressor__kernel_ridge__gamma': 0.005920767837931241}",0.40522518337104
3,100,100,0.34409331892422446,0.001638174057006836,"{'regressor__kernel_ridge__alpha': 0.025118864315095794, 'regressor__kernel_ridge__gamma': 0.0001220703125}",0.4972249257878977
