,percent,n_components,Score in test,Training Time,Best Parameters,Best Score in CV,cv_mean_test_score,cv_std_test_score,cv_mean_fit_time,cv_std_fit_time
0,100,4177,0.5635549097623402,0.8450443744659424,"{'regressor__kernel_ridge__alpha': 0.025118864315095794, 'regressor__kernel_ridge__gamma': 0.0412346222116529}",0.5838573251449294,0.5838573251449294,0.03535989378322995,0.8765383720397949,0.1946509751981689
1,100,4177,0.5630107930104744,0.9053976535797119,"{'regressor__kernel_ridge__alpha': 0.025118864315095794, 'regressor__kernel_ridge__gamma': 0.0412346222116529}",0.579539132651347,0.579539132651347,0.02984478800088033,0.8461837768554688,0.15593958070598515
2,100,4177,0.6249549207483507,0.96799635887146,"{'regressor__kernel_ridge__alpha': 0.025118864315095794, 'regressor__kernel_ridge__gamma': 0.0412346222116529}",0.5580479826831619,0.5580479826831619,0.0078018071435732314,0.8138095378875733,0.1904348293329389
3,100,4177,0.5686344070094144,0.8607785701751709,"{'regressor__kernel_ridge__alpha': 0.025118864315095794, 'regressor__kernel_ridge__gamma': 0.0412346222116529}",0.5776814992741862,0.5776814992741862,0.026074632800546473,0.8451781272888184,0.06690941709169279
