percent,n_components,Mean Score in test,Std Score in test,Mean Training Time,Std Training Time,Mean Best Score in CV,Std Best Score in CV,cv_mean_test_score,cv_std_test_score,cv_mean_fit_time,cv_std_fit_time
0.001,5,0.5774149243044894,0.03171190255871349,1.8750451803207397,0.13159238282316588,0.6036845951405302,0.008271493728844646,0.6036845951405302,0.0198333453330507,2.621453046798706,0.35673354811515456
0.001,58,0.7556900718057458,0.0037446337355751323,71.3056029677391,13.013902953032263,0.7564599995220886,0.0008091203549939793,0.7564599995220886,0.0031556069482435653,96.00270484685899,26.85904102033789
0.01,145,0.7696381486096673,0.0011340528645886754,166.2873781323433,63.83005919065858,0.7707557428427945,0.0008162116231009757,0.7707557428427945,0.0026147351888206657,189.4244105219841,39.37628497065939
0.025,290,0.7858994306485925,0.0024845575612273017,1066.0843795537949,246.4290910074209,0.7868322896733002,0.0006639319353329093,0.7868322896733002,0.0025054993816885757,1446.7969457507133,433.68814144751593
0.05,435,0.7980661328853793,0.0009156760904429142,3858.0053930282593,571.5111823378016,0.7981883344164087,0.0001717074268191434,0.7981883344164087,0.001430851724184114,4466.91016459465,1014.5529306546662
0.075,581,0.8029730883355249,0.0006926814055439951,5261.618788063526,982.7680450046938,0.8036007301504222,0.0005579648726167041,0.8036007301504222,0.0018921493503459585,7386.542924523354,1628.5719507159802
