percent,n_components,Mean Score in test,Std Score in test,Mean Training Time,Std Training Time,Mean Best Score in CV,Std Best Score in CV
100,8192,0.9721033476824229,0.0007532557444798092,5.309447169303894,0.18330223620775707,0.9710354980247358,0.000609479085123377
