percent,n_components,Mean Score in test,Std Score in test,Mean Training Time,Std Training Time,Mean Best Score in CV,Std Best Score in CV
100,8192,0.9707105880718229,0.002287261531554971,5.378748655319214,0.04803375660978384,0.9689845307411339,0.000652044510585793
