,percent,n_components,Score in test,Training Time,Best Parameters,Best Score in CV,cv_mean_test_score,cv_std_test_score
0,100,768,0.8125,0.02149343490600586,"{'kernel_svm__C': 1000.0, 'kernel_svm__gamma': 0.0001220703125}",0.7638830584707647,0.7638830584707647,0.03868078751300886
1,100,768,0.7552083333333334,0.029169082641601562,"{'kernel_svm__C': 10.0, 'kernel_svm__gamma': 0.0013810679320049757}",0.7846776611694153,0.7846776611694153,0.034758871081155426
2,100,768,0.71875,0.028594970703125,"{'kernel_svm__C': 1.0, 'kernel_svm__gamma': 0.015625}",0.800344827586207,0.800344827586207,0.03160039976153145
3,100,768,0.8125,0.030091524124145508,"{'kernel_svm__C': 10.0, 'kernel_svm__gamma': 0.0013810679320049757}",0.7586206896551724,0.7586206896551724,0.03973573551088796
