,percent,n_components,Score in test,Training Time,Best Parameters,Best Score in CV,cv_mean_test_score,cv_std_test_score,cv_mean_fit_time,cv_std_fit_time
0,100,768,0.8125,0.004312992095947266,"{'kernel_svm__C': 1000.0, 'kernel_svm__gamma': 0.0001220703125}",0.7638830584707647,0.7638830584707647,0.03868078751300886,0.002962207794189453,0.00032163723545782104
1,100,768,0.7552083333333334,0.0036878585815429688,"{'kernel_svm__C': 10.0, 'kernel_svm__gamma': 0.0013810679320049757}",0.7846776611694153,0.7846776611694153,0.034758871081155426,0.002558135986328125,8.23763758561037e-05
2,100,768,0.71875,0.0038640499114990234,"{'kernel_svm__C': 1.0, 'kernel_svm__gamma': 0.015625}",0.800344827586207,0.800344827586207,0.03160039976153145,0.0024827957153320313,5.477458137338032e-05
3,100,768,0.8125,0.00363922119140625,"{'kernel_svm__C': 10.0, 'kernel_svm__gamma': 0.0013810679320049757}",0.7586206896551724,0.7586206896551724,0.03973573551088796,0.0025491237640380858,3.3589243404642734e-05
