,percent,n_components,Score in test,Training Time,Best Parameters,Best Score in CV
0,100,768,0.7291666666666666,0.010986089706420898,"{'kernel_ridge_classification__alpha': 0.025118864315095794, 'kernel_ridge_classification__gamma': 0.005920767837931241}",0.788215892053973
1,100,768,0.7916666666666666,0.007002830505371094,"{'kernel_ridge_classification__alpha': 0.001584893192461114, 'kernel_ridge_classification__gamma': 0.0001220703125}",0.7656071964017992
2,100,768,0.7447916666666666,0.0068340301513671875,"{'kernel_ridge_classification__alpha': 0.001584893192461114, 'kernel_ridge_classification__gamma': 0.0001220703125}",0.7743328335832084
3,100,768,0.7864583333333334,0.006300926208496094,"{'kernel_ridge_classification__alpha': 0.3981071705534969, 'kernel_ridge_classification__gamma': 0.005920767837931241}",0.762143928035982
