,percent,n_components,Score in test,Training Time,Best Parameters,Best Score in CV,cv_mean_test_score,cv_std_test_score,cv_mean_fit_time,cv_std_fit_time
0,100,768,0.78125,0.2969341278076172,"{'kernel_ridge_classification__alpha': 0.0001, 'kernel_ridge_classification__gamma': 0.0008501470344688711}",0.7795352323838082,0.7795352323838082,0.02974332888599353,0.009830188751220704,0.005804602406722098
1,100,768,0.765625,0.2954890727996826,"{'kernel_ridge_classification__alpha': 0.0001, 'kernel_ridge_classification__gamma': 0.0008501470344688711}",0.781304347826087,0.781304347826087,0.03667668992863155,0.04627208709716797,0.032895738310593024
2,100,768,0.7135416666666666,0.29549479484558105,"{'kernel_ridge_classification__alpha': 0.025118864315095794, 'kernel_ridge_classification__gamma': 0.005920767837931241}",0.8055622188905547,0.8055622188905547,0.0336766610425032,0.010026884078979493,0.007716016895890667
3,100,768,0.8177083333333334,0.326793909072876,"{'kernel_ridge_classification__alpha': 0.0001, 'kernel_ridge_classification__gamma': 0.0001220703125}",0.7620989505247378,0.7620989505247378,0.03492170914129504,0.026906394958496095,0.017598860183300383
