,percent,n_components,Score in test,Training Time,Best Parameters,Best Score in CV
0,100,768,0.7552083333333334,0.003885030746459961,"{'kernel_svm__C': 1.0, 'kernel_svm__gamma': 0.015625}",0.7760119940029986
1,100,768,0.75,0.003548145294189453,"{'kernel_svm__C': 1.0, 'kernel_svm__gamma': 0.015625}",0.7847076461769116
2,100,768,0.7708333333333334,0.007112979888916016,"{'kernel_svm__C': 10000.0, 'kernel_svm__gamma': 0.0001220703125}",0.7586356821589206
3,100,768,0.7760416666666666,0.006963014602661133,"{'kernel_svm__C': 10000.0, 'kernel_svm__gamma': 0.0001220703125}",0.78119940029985
