,percent,n_components,Score in test,Training Time,Best Parameters,Best Score in CV
0,100,8192,0.9721457115415532,5.443066835403442,"{'regressor__kernel_ridge__alpha': 0.025118864315095794, 'regressor__kernel_ridge__gamma': 0.027489748141101934}",0.9689107255700282
1,100,8192,0.9733304746247206,5.3635334968566895,"{'regressor__kernel_ridge__alpha': 0.025118864315095794, 'regressor__kernel_ridge__gamma': 0.027489748141101934}",0.9688187237729311
2,100,8192,0.9700580963676612,5.311447381973267,"{'regressor__kernel_ridge__alpha': 0.0001, 'regressor__kernel_ridge__gamma': 0.0039471785586208275}",0.9700095997649903
3,100,8192,0.9673080697533564,5.396946907043457,"{'regressor__kernel_ridge__alpha': 0.025118864315095794, 'regressor__kernel_ridge__gamma': 0.027489748141101934}",0.968199073856586
