,percent,n_components,Score in test,Training Time,Best Parameters,Best Score in CV
0,100,8192,0.9708961900842751,5.163374662399292,"{'regressor__kernel_svm__C': 100.0, 'regressor__kernel_svm__gamma': 0.010416666666666666}",0.9713225578182996
1,100,8192,0.9721547012280263,5.112392425537109,"{'regressor__kernel_svm__C': 100.0, 'regressor__kernel_svm__gamma': 0.010416666666666666}",0.9705980854695928
2,100,8192,0.9724150085501413,5.393366813659668,"{'regressor__kernel_svm__C': 100.0, 'regressor__kernel_svm__gamma': 0.010416666666666666}",0.971885536643564
3,100,8192,0.972947490867249,5.568654775619507,"{'regressor__kernel_svm__C': 100.0, 'regressor__kernel_svm__gamma': 0.010416666666666666}",0.9703358121674868
