n_components,Mean Score in test,Std Score in test,Mean Training Time,Std Training Time,Mean Best Score in CV,Std Best Score in CV
10,0.6351978738398136,0.031682618629490136,0.0028364062309265137,0.0006821028540686195,0.6994146907813941,0.0069642014484793255
20,0.7975448179114268,0.04462701888739747,0.0035138726234436035,0.0003510871794184294,0.8097427409580733,0.004502476830503165
50,0.8023084521008266,0.15147467672617804,0.008714020252227783,0.002011170398233027,0.8957419632898916,0.00479951336152812
100,0.7489008948963081,0.36592646646573357,0.10685497522354126,0.021847176709228467,0.9564475462042894,0.004476830105184931
200,0.9130612019293672,0.09086833450578413,0.24375790357589722,0.03800959751471319,0.9631073640537666,0.0032642660535167705
500,0.9396912172031602,0.04578567197601998,0.32183897495269775,0.007831603910077988,0.9644463693093344,0.0028569945667025814
1000,0.9510857832254005,0.02957275410296522,0.43574947118759155,0.040653155511751554,0.9658044075550976,0.0019381345473880854
