Mean Score in test,Std Score in test,Mean Best Score in CV,Std Best Score in CV,Mean Training Time,Std Training Time
0.9720099839145411,0.0018140187029874705,0.9705636366412743,0.0009477214538811375,1.2811241745948792,0.08412386578031224
