Mean Best Score in CV,std Best Score in CV,Mean Training Time,std Training Time
0.7088197046738858,0.006996499831629354,1.159487819671631,0.0677111749443675
