percent,n_components,Mean Score in test,Std Score in test,Mean Training Time,Std Training Time,Mean Best Score in CV,Std Best Score in CV
100,100,0.40170981846270587,0.700428897511443,0.001651465892791748,0.0004081079276019904,0.7740814037432109,0.07456774942805333
