Mean Score in test,Std Score in test,Mean Best Score in CV,Std Best Score in CV,Mean Training Time,Std Training Time
0.7077869551100203,0.0092528781302508,0.7095765711498152,0.003889564340231244,1.2843601703643799,0.06596234859055916
