Mean Best Score in CV,std Best Score in CV,Mean Training Time,std Training Time
0.7039655017180937,0.002542497999708626,0.5310776233673096,0.012023448944091797
