n_components,Mean Score in test,Std Score in test,Mean Training Time,Std Training Time,Mean Best Score in CV,Std Best Score in CV
10,0.551769573442787,0.03490817671179169,0.0047643184661865234,0.002756341385678494,0.6557725317711766,0.041955918936502204
20,0.8049630227520349,0.07037016396012595,0.004518568515777588,0.00027685701775151346,0.7565184920794392,0.013014861697935792
50,0.9028707509745457,0.03256351896163193,0.2850417494773865,0.02297624499428099,0.910168889191789,0.007498096682545917
100,0.9322239869066873,0.012518628033107403,0.3554422855377197,0.03256058307596189,0.9365680963588197,0.0024288235052898474
200,0.9511131532258911,0.00851159668133955,0.7725968360900879,0.020358700043434253,0.9484662703103629,0.001836970157480817
500,0.9592205735276293,0.006720125044725814,0.9241251945495605,0.047439544243579976,0.9581831686506429,0.003967275909933552
1000,0.9623194303830719,0.004920098466523913,1.397094964981079,0.14114839947256788,0.9625684318137127,0.0031149266284478208
