Mean Best Score in CV,std Best Score in CV,Mean Training Time,std Training Time
0.7088197046738858,0.006996499831629354,1.1800387382507325,0.07154691889924786
